<?xml version='1.0' encoding='us-ascii'?>
<!DOCTYPE entry SYSTEM 'catalogue.dtd'>
<entry datestamp='$Date$' modifier='$Author$' id='aliascnt'>
  <name>aliascnt</name>
  <caption>Alias counters.</caption>
  <authorref id='auth:oberdiek'/>
  <copyright owner='Heiko Oberdiek' year='2006,2009'/>
  <license type='lppl1.3'/>
  <version number='1.3'/>
  <description>
    This package introduces aliases for counters, that
    share the same counter register and clear list.
    <p/>
    The package is part of the <xref refid='oberdiek'>oberdiek</xref>
    bundle.
  </description>
  <documentation details='Package documentation'
      href='ctan:/macros/latex/contrib/oberdiek/aliascnt.pdf'/>
  <ctan file='true' path='/macros/latex/contrib/oberdiek/aliascnt.dtx'/>
  <miktex location='oberdiek'/>
  <texlive location='oberdiek'/>
  <install path='/macros/latex/contrib/oberdiek/oberdiek.tds.zip'/>
</entry>
