<?xml version='1.0' encoding='us-ascii'?>
<!DOCTYPE entry SYSTEM 'catalogue.dtd'>
<entry datestamp='$Date$' modifier='$Author$' id='atbegshi'>
  <name>atbegshi</name>
  <caption>Execute stuff at \shipout time.</caption>
  <authorref id='auth:oberdiek'/>
  <copyright owner='Heiko Oberdiek' year='2007-2011'/>
  <license type='lppl1.3'/>
  <version number='1.16'/>
  <description>
    This package is a modern reimplementation of package
    <xref refid='everyshi'>everyshi</xref>, providing various commands
    to be executed before a <tt>\shipout</tt> command.  It makes use of
    e-TeX&#x2019;s facilities if they are available.  The package may
    be used either with LaTeX or with plain TeX.
    <p/>
    The package is part of the <xref refid='oberdiek'>oberdiek</xref> bundle.
  </description>
  <documentation details='Package documentation'
      href='ctan:/macros/latex/contrib/oberdiek/atbegshi.pdf'/>
  <ctan file='true' path='/macros/latex/contrib/oberdiek/atbegshi.dtx'/>
  <miktex location='oberdiek'/>
  <texlive location='oberdiek'/>
  <install path='/macros/latex/contrib/oberdiek/oberdiek.tds.zip'/>
</entry>
