<?xml version='1.0' encoding='us-ascii'?>
<!DOCTYPE entry SYSTEM 'catalogue.dtd'>
<entry datestamp='$Date$' modifier='$Author$' id='atenddvi'>
  <name>atenddvi</name>
  <caption>Provides the \AtEndDvi command.</caption>
  <authorref id='auth:oberdiek'/>
  <copyright owner='Heiko Oberdiek' year='2007'/>
  <license type='lppl1.3'/>
  <version number='1.1'/>
  <description>
    LaTeX offers <tt>\AtBeginDvi</tt>.  This package provides the
    counterpart <tt>\AtEndDvi</tt>. The execution of its argument is
    delayed to the end of the document at the end of the last page.
    At this point <tt>\special</tt> and <tt>\write</tt> remain
    effective, because they are put into the last page.  This is the
    main difference from the LaTeX command <tt>\AtEndDocument</tt>.
    <p/>
    The package is part of the <xref refid='oberdiek'>oberdiek</xref> bundle.
  </description>
  <documentation details='Package documentation'
      href='ctan:/macros/latex/contrib/oberdiek/atenddvi.pdf'/>
  <ctan file='true' path='/macros/latex/contrib/oberdiek/atenddvi.dtx'/>
  <miktex location='oberdiek'/>
  <texlive location='oberdiek'/>
  <install path='/macros/latex/contrib/oberdiek/oberdiek.tds.zip'/>
</entry>
