<?xml version='1.0' encoding='us-ascii'?>
<!DOCTYPE entry SYSTEM 'catalogue.dtd'>
<entry datestamp='$Date$' modifier='$Author$' id='auxhook'>
  <name>auxhook</name>
  <caption>Hooks for auxiliary files.</caption>
  <authorref id='auth:oberdiek'/>
  <copyright owner='Heiko Oberdiek' year='2006,2007,2009,2011'/>
  <license type='lppl1.3'/>
  <version number='1.3'/>
  <description>
    This package auxhook provides hooks for adding stuff at
    the begin of <tt>.aux</tt> files.
    <p/>
    The package is part of the <xref refid='oberdiek'>oberdiek</xref> bundle.
  </description>
  <documentation details='Package documentation'
      href='ctan:/macros/latex/contrib/oberdiek/auxhook.pdf'/>
  <ctan file='true' path='/macros/latex/contrib/oberdiek/auxhook.dtx'/>
  <miktex location='oberdiek'/>
  <texlive location='oberdiek'/>
  <install path='/macros/latex/contrib/oberdiek/oberdiek.tds.zip'/>
</entry>
