<?xml version='1.0' encoding='us-ascii'?>
<!DOCTYPE entry SYSTEM 'catalogue.dtd'>
<entry datestamp='$Date$' modifier='$Author$' id='dvipscol'>
  <name>dvipscol</name>
  <caption>Alter the usage of the dvips colour stack.</caption>
  <authorref id='auth:oberdiek'/>
  <copyright owner='Heiko Oberdiek' year='2000,2006,2008'/>
  <license type='lppl1.3'/>
  <version number='1.2'/>
  <description>
    The package modifies <tt>\color</tt> (and related commands) to
    deal with the occasional dvips error: &#x201C;! out of color
    stack space&#x201D;
    <p/>
    The package is part of the <xref refid='oberdiek'>oberdiek</xref>
    bundle.
  </description>
  <documentation details='Package documentation'
      href='ctan:/macros/latex/contrib/oberdiek/dvipscol.pdf'/>
  <ctan file='true' path='/macros/latex/contrib/oberdiek/dvipscol.dtx'/>
  <miktex location='oberdiek'/>
  <texlive location='oberdiek'/>
  <install path='/macros/latex/contrib/oberdiek/oberdiek.tds.zip'/>
</entry>
