<?xml version='1.0' encoding='us-ascii'?>
<!DOCTYPE entry SYSTEM 'catalogue.dtd'>
<entry datestamp='$Date$' modifier='$Author$' id='grfext'>
  <name>grfext</name>
  <caption>Manipulate the graphics package's list of extensions.</caption>
  <authorref id='auth:oberdiek'/>
  <copyright owner='Heiko Oberdiek' year='2007,2010'/>
  <license type='lppl1.3'/>
  <version number='1.1'/>
  <description>
    This package provides macros for adding to, and reordering the list of
    graphics file extensions recognised by package
    <xref refid='graphics'>graphics</xref>.
    <p/>
    The package is part of the <xref refid='oberdiek'>oberdiek</xref> bundle.
  </description>
  <documentation details='Package documentation'
      href='ctan:/macros/latex/contrib/oberdiek/grfext.pdf'/>
  <ctan file='true' path='/macros/latex/contrib/oberdiek/grfext.dtx'/>
  <miktex location='oberdiek'/>
  <texlive location='oberdiek'/>
  <install path='/macros/latex/contrib/oberdiek/oberdiek.tds.zip'/>
</entry>
