<?xml version='1.0' encoding='us-ascii'?>
<!DOCTYPE entry SYSTEM 'catalogue.dtd'>
<entry datestamp='$Date$' modifier='$Author$' id='hypcap'>
  <name>hypcap</name>
  <caption>Adjusting the anchors of captions.</caption>
  <authorref id='auth:oberdiek'/>
  <copyright owner='Heiko Oberdiek' year='1999-2001,2006-2008,2011'/>
  <license type='lppl1.3'/>
  <version number='1.11'/>
  <description>
    The package offers a solution to the problem that when you link to
    a float using <xref refid='hyperref'>hyperref</xref>, the link
    anchors to below the float's caption, rather than the beginning of
    the float.
    <p/>
    Hypcap defines a separate \capstart command, which you put where
    you want links to end; you should have a \capstart command for each
    \caption command.  Package options can be used to auto-insert a
    \capstart at the start of a float environment.
    <p/>
    The package is part of the <xref refid='oberdiek'>oberdiek</xref> bundle.
  </description>
  <documentation details='Package documentation'
      href='ctan:/macros/latex/contrib/oberdiek/hypcap.pdf'/>
  <ctan file='true' path='/macros/latex/contrib/oberdiek/hypcap.dtx'/>
  <miktex location='oberdiek'/>
  <texlive location='oberdiek'/>
  <install path='/macros/latex/contrib/oberdiek/oberdiek.tds.zip'/>
</entry>
