<?xml version='1.0' encoding='us-ascii'?>
<!DOCTYPE entry SYSTEM 'catalogue.dtd'>
<entry datestamp='$Date$' modifier='$Author$' id='ifluatex'>
  <name>ifluatex</name>
  <caption>Provides the \ifluatex switch.</caption>
  <authorref id='auth:oberdiek'/>
  <copyright owner='Heiko Oberdiek' year='2007,2009,2010'/>
  <license type='lppl1.3'/>
  <version number='1.3'/>
  <description>
    The package looks for  LuaTeX regardless of its mode and provides
    the switch <tt>\ifluatex</tt>; it works with Plain TeX or LaTeX.
    <p/>
    The package is part of the <xref refid='oberdiek'>oberdiek</xref>
    bundle.
  </description>
  <documentation details='Package documentation'
      href='ctan:/macros/latex/contrib/oberdiek/ifluatex.pdf'/>
  <ctan file='true' path='/macros/latex/contrib/oberdiek/ifluatex.dtx'/>
  <miktex location='oberdiek'/>
  <texlive location='ifluatex'/>
  <install path='/macros/latex/contrib/oberdiek/oberdiek.tds.zip'/>
</entry>
