<?xml version='1.0' encoding='us-ascii'?>
<!DOCTYPE entry SYSTEM 'catalogue.dtd'>
<entry datestamp='$Date$' modifier='$Author$' id='makerobust'>
  <name>makerobust</name>
  <caption>Making a macro robust.</caption>
  <authorref id='auth:oberdiek'/>
  <copyright owner='Heiko Oberdiek' year='2006'/>
  <license type='lppl1.3'/>
  <version number='1.0'/>
  <description>
    This package provides the command MakeRobustCommand
    that converts an existing macro to a robust one.
    <p/>
    The package is part of the <xref refid='oberdiek'>oberdiek</xref>
    bundle.
  </description>
  <documentation details='Package documentation'
      href='ctan:/macros/latex/contrib/oberdiek/makerobust.pdf'/>
  <ctan file='true' path='/macros/latex/contrib/oberdiek/makerobust.dtx'/>
  <miktex location='oberdiek'/>
  <texlive location='oberdiek'/>
  <install path='/macros/latex/contrib/oberdiek/oberdiek.tds.zip'/>
</entry>
