<?xml version='1.0' encoding='us-ascii'?>
<!DOCTYPE entry SYSTEM 'catalogue.dtd'>
<entry datestamp='$Date$' modifier='$Author$' id='pagesel'>
  <name>pagesel</name>
  <caption>Select pages of a document for output.</caption>
  <authorref id='auth:oberdiek'/>
  <copyright owner='Heiko Oberdiek' year='1999,2003,2006-2008'/>
  <license type='lppl1.3'/>
  <version number='1.8'/>
  <description>
    Selects single pages, ranges of pages, odd pages or even pages
    for output.
    <p/>
    The package is part of the <xref refid='oberdiek'>oberdiek</xref>
    bundle.
  </description>
  <documentation details='Package documentation'
      href='ctan:/macros/latex/contrib/oberdiek/pagesel.pdf'/>
  <ctan file='true' path='/macros/latex/contrib/oberdiek/pagesel.dtx'/>
  <miktex location='oberdiek'/>
  <texlive location='oberdiek'/>
  <install path='/macros/latex/contrib/oberdiek/oberdiek.tds.zip'/>
</entry>
