<?xml version='1.0' encoding='us-ascii'?>
<!DOCTYPE entry SYSTEM 'catalogue.dtd'>
<entry datestamp='$Date$' modifier='$Author$' id='picture'>
  <name>picture</name>
  <caption>Dimens for picture macros.</caption>
  <authorref id='auth:oberdiek'/>
  <copyright owner='Heiko Oberdiek' year='2006-2009'/>
  <license type='lppl1.3'/>
  <version number='1.3'/>
  <description>
    There are macro and environment arguments that expect numbers
    that will internally be multiplied by <tt>\unitlength</tt>.
    This package extends the syntax of these arguments, so that
    dimensions with calculation support may be used for these arguments.
    <p/>
    The package is part of the <xref refid='oberdiek'>oberdiek</xref> bundle.
  </description>
  <documentation details='Package documentation'
      href='ctan:/macros/latex/contrib/oberdiek/picture.pdf'/>
  <ctan file='true' path='/macros/latex/contrib/oberdiek/picture.dtx'/>
  <miktex location='oberdiek'/>
  <texlive location='oberdiek'/>
  <install path='/macros/latex/contrib/oberdiek/oberdiek.tds.zip'/>
</entry>
