<?xml version='1.0' encoding='us-ascii'?>
<!DOCTYPE entry SYSTEM 'catalogue.dtd'>
<entry datestamp='$Date$' modifier='$Author$' id='rerunfilecheck'>
  <name>rerunfilecheck</name>
  <caption>Checksum based rerun checks on auxiliary files.</caption>
  <authorref id='auth:oberdiek'/>
  <copyright owner='Heiko Oberdiek' year='2009-2011'/>
  <license type='lppl1.3'/>
  <version number='1.7'/>
  <description>
    The package provides additional rerun warnings if some
    auxiliary files have changed. It is based on MD5 checksum,
    provided by pdfTeX.
    <p/>
    The package is part of the <xref refid='oberdiek'>oberdiek</xref> bundle.
  </description>
  <documentation details='Package documentation'
      href='ctan:/macros/latex/contrib/oberdiek/rerunfilecheck.pdf'/>
  <ctan file='true' path='/macros/latex/contrib/oberdiek/rerunfilecheck.dtx'/>
  <miktex location='oberdiek'/>
  <texlive location='oberdiek'/>
  <install path='/macros/latex/contrib/oberdiek/oberdiek.tds.zip'/>
</entry>
