<?xml version='1.0' encoding='us-ascii'?>
<!DOCTYPE entry SYSTEM 'catalogue.dtd'>
<entry datestamp='$Date$' modifier='$Author$' id='scrindex'>
  <name>scrindex</name>
  <caption>Make index package work with Koma-script classes.</caption>
  <authorref id='auth:oberdiek'/>
  <copyright owner='Heiko Oberdiek' year='2008'/>
  <license type='lppl1.3'/>
  <version number='1.1'/>
  <description>
    This package redefines environment `theindex' of package `index',
    if a class from <xref refid='koma-script'>KOMA-Script</xref> is loaded.
    Also option `idxtotoc' is supported. Index preambles can be given
    either by means of package `index' or via the interface provided
    by <xref refid='koma-script'>KOMA-Script</xref>.
    <p/>
    The package is part of the <xref refid='oberdiek'>oberdiek</xref>
    bundle.
  </description>
  <documentation details='Package documentation'
      href='ctan:/macros/latex/contrib/oberdiek/scrindex.pdf'/>
  <ctan file='true' path='/macros/latex/contrib/oberdiek/scrindex.dtx'/>
  <miktex location='oberdiek'/>
  <texlive location='oberdiek'/>
  <install path='/macros/latex/contrib/oberdiek/oberdiek.tds.zip'/>
</entry>
