<?xml version='1.0' encoding='us-ascii'?>
<!DOCTYPE entry SYSTEM 'catalogue.dtd'>
<entry datestamp='$Date$' modifier='$Author$' id='selinput'>
  <name>selinput</name>
  <caption>Semi-automatic detection of input encoding.</caption>
  <authorref id='auth:oberdiek'/>
  <copyright owner='Heiko Oberdiek' year='2007'/>
  <license type='lppl1.3'/>
  <version number='1.2'/>
  <description>
    This package selects the input encoding by specifying pairs
    of input characters and their glyph names.
    <p/>
    The package is part of the <xref refid='oberdiek'>oberdiek</xref>
    bundle.
  </description>
  <documentation details='Package documentation'
      href='ctan:/macros/latex/contrib/oberdiek/selinput.pdf'/>
  <ctan file='true' path='/macros/latex/contrib/oberdiek/selinput.dtx'/>
  <miktex location='oberdiek'/>
  <texlive location='oberdiek'/>
  <install path='/macros/latex/contrib/oberdiek/oberdiek.tds.zip'/>
</entry>
