<?xml version='1.0' encoding='us-ascii'?>
<!DOCTYPE entry SYSTEM 'catalogue.dtd'>
<entry datestamp='$Date$' modifier='$Author$' id='setouterhbox'>
  <name>setouterhbox</name>
  <caption>Set hbox in outer horizontal mode.</caption>
  <authorref id='auth:oberdiek'/>
  <copyright owner='Heiko Oberdiek' year='2005-2007'/>
  <license type='lppl1.3'/>
  <version number='1.7'/>
  <description>
    If math stuff is set in an <tt>\hbox</tt>, then TeX
    performs some optimization and omits the implicit
    penalties <tt>\binoppenalty</tt> and <tt>\relpenalty</tt>.
    This packages tries to put stuff into an <tt>\hbox</tt>
    without losing those penalties.
    <p/>
    The package is part of the <xref refid='oberdiek'>oberdiek</xref> bundle.
  </description>
  <documentation details='Package documentation'
      href='ctan:/macros/latex/contrib/oberdiek/setouterhbox.pdf'/>
  <ctan file='true' path='/macros/latex/contrib/oberdiek/setouterhbox.dtx'/>
  <miktex location='oberdiek'/>
  <texlive location='oberdiek'/>
  <install path='/macros/latex/contrib/oberdiek/oberdiek.tds.zip'/>
</entry>
