<?xml version='1.0' encoding='us-ascii'?>
<!DOCTYPE entry SYSTEM 'catalogue.dtd'>
<entry datestamp='$Date$' modifier='$Author$' id='tabularkv'>
  <name>tabularkv</name>
  <caption>Tabular environments with key-value interface.</caption>
  <authorref id='auth:oberdiek'/>
  <copyright owner='Heiko Oberdiek' year='2005,2006'/>
  <license type='lppl1.3'/>
  <version number='1.1'/>
  <description>
    The tabularkv package creates an environment <tt>tabularkv</tt>, whose
    arguments are specified in key-value form.  The arguments chosen
    determine which other type of tabular is to be used (whether
    standard LaTeX ones, or environments from the
    <xref refid='tabularx'>tabularx</xref> or the
    <xref refid='tabularht'>tabularx</xref> package).
    <p/>
    The package is part of the <xref refid='oberdiek'>oberdiek</xref> bundle.
  </description>
  <documentation details='Package documentation'
      href='ctan:/macros/latex/contrib/oberdiek/tabularkv.pdf'/>
  <ctan file='true' path='/macros/latex/contrib/oberdiek/tabularkv.dtx'/>
  <miktex location='oberdiek'/>
  <texlive location='oberdiek'/>
  <install path='/macros/latex/contrib/oberdiek/oberdiek.tds.zip'/>
</entry>
