<?xml version='1.0' encoding='us-ascii'?>
<!DOCTYPE entry SYSTEM 'catalogue.dtd'>
<entry datestamp='$Date$' modifier='$Author$' id='transparent'>
  <name>transparent</name>
  <caption>Using a color stack for transparency with pdfTeX.</caption>
  <authorref id='auth:oberdiek'/>
  <copyright owner='Heiko Oberdiek' year='2007'/>
  <license type='lppl1.3'/>
  <version number='1.0'/>
  <description>
    Since version 1.40 <xref refid='pdftex'>pdfTeX</xref> supports
    several color stacks. This package shows how a separate colour stack
    can be used for transparency, a property other than colour.
    <p/>
    The package is part of the <xref refid='oberdiek'>oberdiek</xref>
    bundle.
  </description>
  <documentation details='Package documentation'
      href='ctan:/macros/latex/contrib/oberdiek/transparent.pdf'/>
  <ctan file='true' path='/macros/latex/contrib/oberdiek/transparent.dtx'/>
  <miktex location='oberdiek'/>
  <texlive location='oberdiek'/>
  <install path='/macros/latex/contrib/oberdiek/oberdiek.tds.zip'/>
</entry>
